﻿Name;Größe;Vorname;Nachname;Downloads;Datum;Pfad
uebung-03-template.tex;5153;Timo;Specht;5;"29.04.2024 13:55";uebung-03-template.tex
uebung03.pdf;165164;Timo;Specht;20;"29.04.2024 13:55";uebung03.pdf
schedule-empty-example.pdftex;4569;Timo;Specht;8;"29.04.2024 11:03";schedule-empty-example.pdftex
schedule-empty-example.pdftex_t;3444;Timo;Specht;8;"29.04.2024 11:02";schedule-empty-example.pdftex_t
grafik.pdf;74314;Timo;Specht;26;"29.04.2024 11:02";grafik.pdf
skript_bisher.pdf;1657424;Stefan;Siemer;53;"26.04.2024 13:20";skript_bisher.pdf
skript_AutouFoS.pdf;416876;Stefan;Siemer;49;"26.04.2024 13:20";skript_AutouFoS.pdf
folien_bisher.pdf;2249007;Stefan;Siemer;31;"26.04.2024 13:19";folien_bisher.pdf
folien_AutouFoS.pdf;3721934;Stefan;Siemer;34;"26.04.2024 13:19";folien_AutouFoS.pdf
uebung02.pdf;173532;Timo;Specht;637;"24.04.2024 18:32";uebung02.pdf
prozesse.hs;438;Stefan;Siemer;19;"23.04.2024 16:36";prozesse.hs
eingtypen.hs;385;Stefan;Siemer;17;"23.04.2024 16:36";eingtypen.hs
typen.hs;215;Stefan;Siemer;16;"23.04.2024 16:36";typen.hs
typklassen.hs;186;Stefan;Siemer;16;"23.04.2024 16:36";typklassen.hs
uebung-02-template.tex;7564;Timo;Specht;77;"23.04.2024 13:33";uebung-02-template.tex
uebungsblatt.cls;7142;Timo;Specht;59;"23.04.2024 13:33";uebungsblatt.cls
uebungsblatt.sty;12255;Timo;Specht;53;"23.04.2024 13:33";uebungsblatt.sty
skript_Betriebssysteme.pdf;1034085;Stefan;Siemer;182;"19.04.2024 09:57";skript_Betriebssysteme.pdf
folien_Betriebssysteme.pdf;4109244;Stefan;Siemer;159;"19.04.2024 09:56";folien_Betriebssysteme.pdf
ue1.hs;514;Timo;Specht;94;"17.04.2024 08:14";ue1.hs
SaalübungKreditkarten.pdf;100083;Timo;Specht;181;"16.04.2024 16:47";SaalübungKreditkarten.pdf
bool_table.hs;467;Stefan;Siemer;38;"16.04.2024 12:52";bool_table.hs
bool_tuple.hs;880;Stefan;Siemer;38;"16.04.2024 12:52";bool_tuple.hs
nibble.hs;790;Stefan;Siemer;38;"16.04.2024 12:52";nibble.hs
test_bool.hs;437;Stefan;Siemer;38;"16.04.2024 12:52";test_bool.hs
skript_Haskell-Nachtrag.pdf;134192;Stefan;Siemer;175;"16.04.2024 12:51";skript_Haskell-Nachtrag.pdf
folien_Haskell-Nachtrag.pdf;234033;Stefan;Siemer;210;"16.04.2024 12:50";folien_Haskell-Nachtrag.pdf
intro.hs;301;Stefan;Siemer;58;"11.04.2024 07:01";intro.hs
alternativen.hs;288;Stefan;Siemer;52;"11.04.2024 07:01";alternativen.hs
rekursion.hs;1055;Stefan;Siemer;60;"11.04.2024 07:01";rekursion.hs
patternmatching.hs;592;Stefan;Siemer;55;"11.04.2024 07:01";patternmatching.hs
uebung01.pdf;168152;Stefan;Siemer;1833;"09.04.2024 11:25";uebung01.pdf
vorbereitung.pdf;124071;Stefan;Siemer;885;"09.04.2024 11:25";vorbereitung.pdf
folien_Organisatorisches.pdf;805565;Stefan;Siemer;468;"09.04.2024 11:24";folien_Organisatorisches.pdf
folien_Rechnermodelle.pdf;1319659;Stefan;Siemer;207;"09.04.2024 11:24";folien_Rechnermodelle.pdf
folien_Haskell.pdf;743670;Stefan;Siemer;362;"09.04.2024 11:24";folien_Haskell.pdf
skript_Rechnermodelle.pdf;96849;Stefan;Siemer;249;"09.04.2024 11:23";skript_Rechnermodelle.pdf
skript_Organisatorisches.pdf;85001;Stefan;Siemer;297;"09.04.2024 11:23";skript_Organisatorisches.pdf
skript_Haskell.pdf;235080;Stefan;Siemer;401;"09.04.2024 11:23";skript_Haskell.pdf
Entwurf_Flyer_Nachhilfe_Tutorium_SoSe24_final.pdf;451995;Stefan;Siemer;175;"09.04.2024 11:05";Entwurf_Flyer_Nachhilfe_Tutorium_SoSe24_final.pdf
Informatik_I_-_Hinweise_fuer_Fernzugriff.txt;2255;Stefan;Siemer;144;"24.10.2021 17:02";Informatik_I_-_Hinweise_fuer_Fernzugriff.txt
mdjs2html;3470;Stefan;Siemer;63;"05.11.2021 18:40";mdjs2html
htmljs2pdf;460;Stefan;Siemer;67;"18.04.2021 14:05";htmljs2pdf
asciimath-syntax.pdf;169627;Stefan;Siemer;104;"24.04.2020 17:07";asciimath-syntax.pdf
alternativen.md;615;Stefan;Siemer;161;"06.05.2020 11:18";alternativen.md
